zones = [
  { "city":"BC","name":"Tijuana","status":"SOON"},
  { "city":"CH","name":"Ciudad Juárez","status":"SOON"},
  { "city":"MX","name":"Álvaro Obregón","status":"ON"},
  { "city":"MX","name":"Azcapotzalco","status":"ON"},
  { "city":"MX","name":"Benito Juárez","status":"ON"},
  { "city":"MX","name":"Coyoacán","status":"ON"},
  { "city":"MX","name":"Cuajimalpa","status":"ON"},
  { "city":"MX","name":"Cuauhtémoc","status":"ON"},
  { "city":"MX","name":"Gustavo A. Madero","status":"ON"},
  { "city":"MX","name":"Iztacalco","status":"ON"},
  { "city":"MX","name":"Iztapalapa","status":"ON"},
  { "city":"MX","name":"Magdalena Contreras","status":"ON"},
  { "city":"MX","name":"Miguel Hidalgo","status":"ON"},
  { "city":"MX","name":"Tláhuac","status":"ON"},
  { "city":"MX","name":"Tlalpan","status":"ON"},
  { "city":"MX","name":"Venustiano Carranza","status":"ON"},
  { "city":"MX","name":"Xochimilco","status":"ON"},
  { "city":"EM","name":"Atizapán de Zaragoza","status":"SOON"},
  { "city":"EM","name":"Chalco","status":"ON"},
  { "city":"EM","name":"Chimalhuacán","status":"ON"},
  { "city":"EM","name":"Ciudad Nezahualcóyotl","status":"ON"},
  { "city":"EM","name":"Coacalco","status":"SOON"},
  { "city":"EM","name":"Cuautitlán","status":"SOON"},
  { "city":"EM","name":"Ecatepec de Morelos","status":"ON"},
  { "city":"EM","name":"Huixquilucan","status":"SOON"},
  { "city":"EM","name":"La Paz","status":"SOON"},
  { "city":"EM","name":"Metepec","status":"SOON"},
  { "city":"EM","name":"Naucalpan","status":"SOON"},
  { "city":"EM","name":"Tlalnepantla","status":"SOON"}, 
  { "city":"EM","name":"Toluca","status":"SOON"},
  { "city":"GT","name":"Guanajuato","status":"SOON"},
  { "city":"GT","name":"León","status":"SOON"},
  { "city":"JL","name":"Guadalajara","status":"ON"},
  { "city":"JL","name":"Tlaquepaque","status":"SOON"},
  { "city":"JL","name":"Zapopan","status":"ON"},
  { "city":"MR","name":"Cuernavaca","status":"SOON"},
  { "city":"NL","name":"Guadalupe","status":"SOON"},
  { "city":"NL","name":"Monterrey","status":"SOON"},
  { "city":"NL","name":"San Pedro Garza García","status":"SOON"},
  { "city":"NL","name":"San Nicolas de los Garza","status":"SOON"},
  { "city":"PB","name":"Cholula","status":"SOON"},
  { "city":"PB","name":"Puebla","status":"SOON"},
  { "city":"QE","name":"Querétaro","status":"SOON"},
  { "city":"SN","name":"Hermosillo","status":"SOON"},
  { "city":"VR","name":"Veracruz","status":"SOON"},
  { "city":"YC","name":"Mérida","status":"SOON"}
];
